Id,Label,timeset,modularity_class
https://t.me/bmpd_cast,https://t.me/bmpd_cast,,0
https://t.me/notsooperline,https://t.me/notsooperline,,0
https://t.me/milinfolive,https://t.me/milinfolive,,1
https://t.me/rybar,https://t.me/rybar,,1
https://t.me/sashakots,https://t.me/sashakots,,1
https://t.me/ArmsControlFreak,https://t.me/ArmsControlFreak,,1
https://t.me/Army_Russia,https://t.me/Army_Russia,,1
https://t.me/Artillery_Artillery,https://t.me/Artillery_Artillery,,1
https://t.me/AviaCT,https://t.me/AviaCT,,1
https://t.me/AviaticA,https://t.me/AviaticA,,1
https://t.me/ChDambiev,https://t.me/ChDambiev,,1
https://t.me/ImpNavigator,https://t.me/ImpNavigator,,1
https://t.me/Ministerstvo_oborony,https://t.me/Ministerstvo_oborony,,1
https://t.me/PortNews_ru,https://t.me/PortNews_ru,,1
https://t.me/SIL0VIKI,https://t.me/SIL0VIKI,,1
https://t.me/Viktor_Murakhovskiy,https://t.me/Viktor_Murakhovskiy,,1
https://t.me/antresol_avia,https://t.me/antresol_avia,,1
https://t.me/anxious_waters,https://t.me/anxious_waters,,1
https://t.me/ararathau,https://t.me/ararathau,,1
https://t.me/astramilitarum,https://t.me/astramilitarum,,1
https://t.me/aviachatchannel,https://t.me/aviachatchannel,,1
https://t.me/aviadispet4er,https://t.me/aviadispet4er,,1
https://t.me/aviadrive,https://t.me/aviadrive,,1
https://t.me/aviaincident,https://t.me/aviaincident,,1
https://t.me/aviasalonmaks,https://t.me/aviasalonmaks,,1
https://t.me/aviationmode,https://t.me/aviationmode,,1
https://t.me/aviatorshina,https://t.me/aviatorshina,,1
https://t.me/caucasuswar,https://t.me/caucasuswar,,1
https://t.me/china3army,https://t.me/china3army,,1
https://t.me/cyber_MipZ,https://t.me/cyber_MipZ,,1
https://t.me/cybersecgame,https://t.me/cybersecgame,,1
https://t.me/dronesrussia,https://t.me/dronesrussia,,1
https://t.me/faceofwar,https://t.me/faceofwar,,1
https://t.me/fighter_bomber,https://t.me/fighter_bomber,,1
https://t.me/first_morskoy,https://t.me/first_morskoy,,1
https://t.me/forenavy,https://t.me/forenavy,,1
https://t.me/fotozak,https://t.me/fotozak,,1
https://t.me/gruz0potok,https://t.me/gruz0potok,,1
https://t.me/helincidents,https://t.me/helincidents,,1
https://t.me/infantmilitario,https://t.me/infantmilitario,,1
https://t.me/karabah_news,https://t.me/karabah_news,,1
https://t.me/kiverilafet,https://t.me/kiverilafet,,1
https://t.me/kramnikcat,https://t.me/kramnikcat,,1
https://t.me/migdalsergei,https://t.me/migdalsergei,,1
https://t.me/military_arm,https://t.me/military_arm,,1
https://t.me/military_az,https://t.me/military_az,,1
https://t.me/militarymaps,https://t.me/militarymaps,,1
https://t.me/militaryrussiaru,https://t.me/militaryrussiaru,,1
https://t.me/moria40k,https://t.me/moria40k,,1
https://t.me/navyphotos,https://t.me/navyphotos,,1
https://t.me/new_militarycolumnist,https://t.me/new_militarycolumnist,,1
https://t.me/nuclear_stormbringer,https://t.me/nuclear_stormbringer,,1
https://t.me/oboronka_channel,https://t.me/oboronka_channel,,1
https://t.me/operline_ru,https://t.me/operline_ru,,1
https://t.me/piratebarge,https://t.me/piratebarge,,1
https://t.me/proUAV,https://t.me/proUAV,,1
https://t.me/proflot,https://t.me/proflot,,1
https://t.me/propeller_news,https://t.me/propeller_news,,1
https://t.me/pvo_vks,https://t.me/pvo_vks,,1
https://t.me/seamensway_ru,https://t.me/seamensway_ru,,1
https://t.me/sibirskiyokean,https://t.me/sibirskiyokean,,1
https://t.me/south0wind,https://t.me/south0wind,,1
https://t.me/space78125,https://t.me/space78125,,1
https://t.me/survivalavia,https://t.me/survivalavia,,1
https://t.me/svarschiki,https://t.me/svarschiki,,1
https://t.me/true_secator,https://t.me/true_secator,,1
https://t.me/vertolatte,https://t.me/vertolatte,,1
https://t.me/vestnikpvo,https://t.me/vestnikpvo,,1
https://t.me/voenvz,https://t.me/voenvz,,1
https://t.me/warbolts,https://t.me/warbolts,,1
https://t.me/warjournal,https://t.me/warjournal,,1
https://t.me/wingsofwar,https://t.me/wingsofwar,,1
https://t.me/yadernykontrol,https://t.me/yadernykontrol,,1
https://t.me/zvezdanews,https://t.me/zvezdanews,,1
https://t.me/zvozduh,https://t.me/zvozduh,,1
https://t.me/nbondarik,https://t.me/nbondarik,,7
https://t.me/Belarus_VPO,https://t.me/Belarus_VPO,,0
https://t.me/GreekMilitaryPortal,https://t.me/GreekMilitaryPortal,,0
https://t.me/HouseOfCardsEurope,https://t.me/HouseOfCardsEurope,,0
https://t.me/Korea_Light,https://t.me/Korea_Light,,0
https://t.me/NY_USA_World,https://t.me/NY_USA_World,,0
https://t.me/Nevrotique,https://t.me/Nevrotique,,0
https://t.me/afric_ylbIbka,https://t.me/afric_ylbIbka,,0
https://t.me/bbbreaking,https://t.me/bbbreaking,,0
https://t.me/britishpolitics,https://t.me/britishpolitics,,0
https://t.me/brussinf,https://t.me/brussinf,,0
https://t.me/chinabewithyou,https://t.me/chinabewithyou,,0
https://t.me/daokedao,https://t.me/daokedao,,0
https://t.me/dimsmirnov175,https://t.me/dimsmirnov175,,0
https://t.me/energy4africa,https://t.me/energy4africa,,0
https://t.me/evgenyprimakov,https://t.me/evgenyprimakov,,0
https://t.me/fuckyouthatswhy,https://t.me/fuckyouthatswhy,,0
https://t.me/indiaanalytics,https://t.me/indiaanalytics,,0
https://t.me/iron_wind,https://t.me/iron_wind,,0
https://t.me/kalashnikovmagazine,https://t.me/kalashnikovmagazine,,0
https://t.me/karaulny,https://t.me/karaulny,,0
https://t.me/lovuska,https://t.me/lovuska,,0
https://t.me/lumandao,https://t.me/lumandao,,0
https://t.me/navostok,https://t.me/navostok,,0
https://t.me/norin_ea,https://t.me/norin_ea,,0
https://t.me/northkoreadaily,https://t.me/northkoreadaily,,0
https://t.me/odnako_s,https://t.me/odnako_s,,0
https://t.me/pithhelmet,https://t.me/pithhelmet,,0
https://t.me/planeradar,https://t.me/planeradar,,0
https://t.me/poisk_mil,https://t.me/poisk_mil,,0
https://t.me/postamerica,https://t.me/postamerica,,0
https://t.me/prbezposhady,https://t.me/prbezposhady,,0
https://t.me/repostik,https://t.me/repostik,,0
https://t.me/ru_global,https://t.me/ru_global,,0
https://t.me/sanctionsrisk,https://t.me/sanctionsrisk,,0
https://t.me/sinatech,https://t.me/sinatech,,0
https://t.me/speciallassi,https://t.me/speciallassi,,0
https://t.me/subforcherald,https://t.me/subforcherald,,0
https://t.me/tolk_tolk,https://t.me/tolk_tolk,,0
https://t.me/valdaiclub,https://t.me/valdaiclub,,0
https://t.me/vanguard1802,https://t.me/vanguard1802,,0
https://t.me/vatfor,https://t.me/vatfor,,0
https://t.me/zangaro,https://t.me/zangaro,,0
https://t.me/EbuldinSkySpez,https://t.me/EbuldinSkySpez,,73
https://t.me/GP_R65,https://t.me/GP_R65,,73
https://t.me/Gubery,https://t.me/Gubery,,73
https://t.me/GusyAndrew,https://t.me/GusyAndrew,,73
https://t.me/PoKachanuKld,https://t.me/PoKachanuKld,,73
https://t.me/Sandymustache,https://t.me/Sandymustache,,73
https://t.me/Skuratoff_2_0,https://t.me/Skuratoff_2_0,,73
https://t.me/backroom_whisperer,https://t.me/backroom_whisperer,,73
https://t.me/bigtransfer2024,https://t.me/bigtransfer2024,,73
https://t.me/borisenkoD,https://t.me/borisenkoD,,73
https://t.me/ctrs2018,https://t.me/ctrs2018,,73
https://t.me/deputatEkaterina,https://t.me/deputatEkaterina,,73
https://t.me/fcpeshka,https://t.me/fcpeshka,,73
https://t.me/kavkaz_leakbez,https://t.me/kavkaz_leakbez,,73
https://t.me/kremlebezBashennik,https://t.me/kremlebezBashennik,,73
https://t.me/lazaryewa,https://t.me/lazaryewa,,73
https://t.me/mariashukshina,https://t.me/mariashukshina,,73
https://t.me/mediakiller,https://t.me/mediakiller,,73
https://t.me/munscanner,https://t.me/munscanner,,73
https://t.me/northm,https://t.me/northm,,73
https://t.me/obrazbuduschego2,https://t.me/obrazbuduschego2,,73
https://t.me/orgkomitet,https://t.me/orgkomitet,,73
https://t.me/postposttruth,https://t.me/postposttruth,,73
https://t.me/proektkino,https://t.me/proektkino,,73
https://t.me/russica2,https://t.me/russica2,,73
https://t.me/sakhco,https://t.me/sakhco,,73
https://t.me/satirkka,https://t.me/satirkka,,73
https://t.me/sidpolit,https://t.me/sidpolit,,73
https://t.me/solovey2,https://t.me/solovey2,,73
https://t.me/strana_i_narod,https://t.me/strana_i_narod,,73
https://t.me/thegraschenkov,https://t.me/thegraschenkov,,73
https://t.me/volgabrief,https://t.me/volgabrief,,73
https://t.me/LukaEbkov/34051,https://t.me/LukaEbkov/34051,,73
https://t.me/notes_veterans/5110,https://t.me/notes_veterans/5110,,73
https://t.me/generalsvr,https://t.me/generalsvr,,73
https://t.me/bobkina8/4543,https://t.me/bobkina8/4543,,73
https://t.me/CassandRaSach,https://t.me/CassandRaSach,,73
https://t.me/Andrafanaslive,https://t.me/Andrafanaslive,,7
https://t.me/BoreyTactic,https://t.me/BoreyTactic,,7
https://t.me/Rus_imperia,https://t.me/Rus_imperia,,7
https://t.me/SvRusNabat,https://t.me/SvRusNabat,,7
https://t.me/brotherpilgrim,https://t.me/brotherpilgrim,,7
https://t.me/greatczariwe,https://t.me/greatczariwe,,7
https://t.me/holmogortalks,https://t.me/holmogortalks,,7
https://t.me/iks2010,https://t.me/iks2010,,7
https://t.me/krestmech,https://t.me/krestmech,,7
https://t.me/lasttrench988,https://t.me/lasttrench988,,7
https://t.me/lemeshko_av,https://t.me/lemeshko_av,,7
https://t.me/majorselivanov,https://t.me/majorselivanov,,7
https://t.me/monarchworld,https://t.me/monarchworld,,7
https://t.me/o_andrey_tkachev,https://t.me/o_andrey_tkachev,,7
https://t.me/orhoresistanse,https://t.me/orhoresistanse,,7
https://t.me/rus_con,https://t.me/rus_con,,7
https://t.me/russia_nacionalist,https://t.me/russia_nacionalist,,7
https://t.me/russia_sof,https://t.me/russia_sof,,7
https://t.me/rustrobador,https://t.me/rustrobador,,7
https://t.me/sorok40russia,https://t.me/sorok40russia,,7
https://t.me/stoglavrus,https://t.me/stoglavrus,,7
https://t.me/traditional_union,https://t.me/traditional_union,,7
https://t.me/tsarkrest,https://t.me/tsarkrest,,7
https://t.me/vladlentatarsky,https://t.me/vladlentatarsky,,7
https://t.me/notes_veterans,https://t.me/notes_veterans,,126
https://t.me/+focfZNw0vucyODcy,https://t.me/+focfZNw0vucyODcy,,4
https://t.me/budujobs,https://t.me/budujobs,,4
https://t.me/evacuatejobs,https://t.me/evacuatejobs,,4
https://t.me/jobtalker,https://t.me/jobtalker,,4
https://t.me/jobtalkertr,https://t.me/jobtalkertr,,4
https://t.me/joinchat/AAAAAE7WwIHpKEXnoMc5tQ,https://t.me/joinchat/AAAAAE7WwIHpKEXnoMc5tQ,,4
https://t.me/joinchat/AAAAAEODiKDRlvNsEDwXRw,https://t.me/joinchat/AAAAAEODiKDRlvNsEDwXRw,,4
https://t.me/joinchat/AAAAAFgITvCoA4h2nuug8A,https://t.me/joinchat/AAAAAFgITvCoA4h2nuug8A,,4
https://t.me/recruit_jobs,https://t.me/recruit_jobs,,4
https://t.me/remote_job_offers,https://t.me/remote_job_offers,,4
https://t.me/ruhelpers,https://t.me/ruhelpers,,4
https://t.me/tractor_job,https://t.me/tractor_job,,4
https://t.me/truebusiness,https://t.me/truebusiness,,4
https://t.me/vakanser,https://t.me/vakanser,,4
https://t.me/soldiers_truth,https://t.me/soldiers_truth,,126
https://t.me/BeregTime,https://t.me/BeregTime,,126
https://t.me/DonbassYasinovatayanaliniiOgnia,https://t.me/DonbassYasinovatayanaliniiOgnia,,126
https://t.me/FascistDreams,https://t.me/FascistDreams,,126
https://t.me/Za_Derjavy,https://t.me/Za_Derjavy,,126
https://t.me/Zholobok_rebbe,https://t.me/Zholobok_rebbe,,126
https://t.me/diplomatia,https://t.me/diplomatia,,126
https://t.me/ghost_of_novorossia,https://t.me/ghost_of_novorossia,,126
https://t.me/griaz_zamerla,https://t.me/griaz_zamerla,,126
https://t.me/npo_dvina,https://t.me/npo_dvina,,126
https://t.me/opyat22,https://t.me/opyat22,,126
https://t.me/vvs_svet,https://t.me/vvs_svet,,126
https://t.me/zola_of_renovation,https://t.me/zola_of_renovation,,126
https://t.me/moshistory/2650,https://t.me/moshistory/2650,,174
https://t.me/moshistory/2654,https://t.me/moshistory/2654,,174
https://t.me/moshistory/2655,https://t.me/moshistory/2655,,174
https://t.me/moshistory/2660,https://t.me/moshistory/2660,,174
https://t.me/moshistory/2663,https://t.me/moshistory/2663,,174
https://t.me/moshistory/2666,https://t.me/moshistory/2666,,174
https://t.me/moshistory/2667,https://t.me/moshistory/2667,,174
https://t.me/moshistory/2668,https://t.me/moshistory/2668,,174
https://t.me/moshistory/2669,https://t.me/moshistory/2669,,174
https://t.me/moshistory/2671,https://t.me/moshistory/2671,,174
https://t.me/moshistory/2672,https://t.me/moshistory/2672,,174
https://t.me/moshistory/2673,https://t.me/moshistory/2673,,174
https://t.me/first_political/11567,https://t.me/first_political/11567,,174
https://t.me/nbondarik/4182,https://t.me/nbondarik/4182,,2
https://t.me/Alekhin_Telega/4286,https://t.me/Alekhin_Telega/4286,,74
https://t.me/RVSsu/5387,https://t.me/RVSsu/5387,,74
https://t.me/delyagin/16472,https://t.me/delyagin/16472,,74
https://t.me/dumayem/8916,https://t.me/dumayem/8916,,74
https://t.me/llh_778/6677,https://t.me/llh_778/6677,,74
https://t.me/olen_nn/4310,https://t.me/olen_nn/4310,,74
https://t.me/prezidentgordonteam/14622,https://t.me/prezidentgordonteam/14622,,74
https://t.me/riakatysha/14873,https://t.me/riakatysha/14873,,74
https://t.me/russica2/44862,https://t.me/russica2/44862,,74
https://t.me/tsarkrest/5727,https://t.me/tsarkrest/5727,,74
https://t.me/RtrDonetsk,https://t.me/RtrDonetsk,,126
https://t.me/SolovievLive,https://t.me/SolovievLive,,126
https://t.me/epoddubny,https://t.me/epoddubny,,126
https://t.me/voenacher,https://t.me/voenacher,,126
https://t.me/vysokygovorit,https://t.me/vysokygovorit,,126
https://t.me/zastavnyii,https://t.me/zastavnyii,,126
https://t.me/moshistory/2706,https://t.me/moshistory/2706,,199
https://t.me/moshistory/2707,https://t.me/moshistory/2707,,199
https://t.me/moshistory/2710,https://t.me/moshistory/2710,,199
https://t.me/moshistory/2712,https://t.me/moshistory/2712,,199
https://t.me/moshistory/2717,https://t.me/moshistory/2717,,199
https://t.me/moshistory/2718,https://t.me/moshistory/2718,,199
https://t.me/moshistory/2719,https://t.me/moshistory/2719,,199
https://t.me/moshistory/2720,https://t.me/moshistory/2720,,199
https://t.me/moshistory/2722,https://t.me/moshistory/2722,,199
https://t.me/moshistory/2723,https://t.me/moshistory/2723,,199
https://t.me/glazieview/1412,https://t.me/glazieview/1412,,194
https://t.me/govoritfursov/1463,https://t.me/govoritfursov/1463,,194
https://t.me/llh_778/6412,https://t.me/llh_778/6412,,194
https://t.me/neuesausrussland/2329,https://t.me/neuesausrussland/2329,,194
https://t.me/octagonmedia/8082,https://t.me/octagonmedia/8082,,194
https://t.me/rus_demiurge/22243,https://t.me/rus_demiurge/22243,,194
https://t.me/tsarkrest/5865,https://t.me/tsarkrest/5865,,194
https://t.me/wisedruidd/2830,https://t.me/wisedruidd/2830,,194
https://t.me/Regan_alright,https://t.me/Regan_alright,,205
https://t.me/anti_rubra,https://t.me/anti_rubra,,205
https://t.me/expensive_hurma,https://t.me/expensive_hurma,,205
https://t.me/follyfly,https://t.me/follyfly,,205
https://t.me/imsindi_z,https://t.me/imsindi_z,,205
https://t.me/smuelvatman,https://t.me/smuelvatman,,205
https://t.me/subbotin_ru,https://t.me/subbotin_ru,,205
https://t.me/verysexydasha,https://t.me/verysexydasha,,205
https://t.me/notes_veterans/4065,https://t.me/notes_veterans/4065,,9
https://t.me/trubyna/291,https://t.me/trubyna/291,,9
https://t.me/trubyna/3015,https://t.me/trubyna/3015,,9
https://t.me/trubyna/5338,https://t.me/trubyna/5338,,9
https://t.me/trubyna/5388,https://t.me/trubyna/5388,,9
https://t.me/trubyna/5389,https://t.me/trubyna/5389,,9
https://t.me/trubyna/5653,https://t.me/trubyna/5653,,9
https://t.me/RusTroyka/109,https://t.me/RusTroyka/109,,125
https://t.me/RusTroyka/673,https://t.me/RusTroyka/673,,125
https://t.me/RusTroyka/738,https://t.me/RusTroyka/738,,125
https://t.me/RusTroyka/739,https://t.me/RusTroyka/739,,125
https://t.me/RusTroyka/804,https://t.me/RusTroyka/804,,125
https://t.me/RusTroyka/904,https://t.me/RusTroyka/904,,125
https://t.me/fsk_today,https://t.me/fsk_today,,198
https://t.me/fsk_today/6377,https://t.me/fsk_today/6377,,198
https://t.me/fsk_today/6499,https://t.me/fsk_today/6499,,198
https://t.me/fsk_today/6546,https://t.me/fsk_today/6546,,198
https://t.me/spletnicca/4651,https://t.me/spletnicca/4651,,198
https://t.me/russ_orientalist/11385,https://t.me/russ_orientalist/11385,,198
https://t.me/angiezen/470,https://t.me/angiezen/470,,3
https://t.me/angiezen/477,https://t.me/angiezen/477,,3
https://t.me/angiezen/483,https://t.me/angiezen/483,,3
https://t.me/angiezen/487,https://t.me/angiezen/487,,3
https://t.me/angiezen/490,https://t.me/angiezen/490,,3
https://t.me/dimsmirnov175/32497,https://t.me/dimsmirnov175/32497,,19
https://t.me/dimsmirnov175/32720,https://t.me/dimsmirnov175/32720,,19
https://t.me/dimsmirnov175/32755,https://t.me/dimsmirnov175/32755,,19
https://t.me/dimsmirnov175/32891,https://t.me/dimsmirnov175/32891,,19
https://t.me/dimsmirnov175/33320,https://t.me/dimsmirnov175/33320,,19
https://t.me/MedvedevVesti/11131,https://t.me/MedvedevVesti/11131,,31
https://t.me/SergeyKolyasnikov/41909,https://t.me/SergeyKolyasnikov/41909,,31
https://t.me/SonOfMonarchy/7623,https://t.me/SonOfMonarchy/7623,,31
https://t.me/mnogonazi/8737,https://t.me/mnogonazi/8737,,31
https://t.me/radiorossii/10379,https://t.me/radiorossii/10379,,31
https://t.me/Russkyship/18,https://t.me/Russkyship/18,,123
https://t.me/Za_Derjavy/18294,https://t.me/Za_Derjavy/18294,,123
https://t.me/notes_veterans/1976,https://t.me/notes_veterans/1976,,123
https://t.me/notes_veterans/2563,https://t.me/notes_veterans/2563,,123
https://t.me/notes_veterans/2585?single,https://t.me/notes_veterans/2585?single,,123
https://t.me/butrimov/638,https://t.me/butrimov/638,,65
https://t.me/rightcourse/56833,https://t.me/rightcourse/56833,,65
https://t.me/tsarkrest/6456,https://t.me/tsarkrest/6456,,65
https://t.me/zhivoff/3870,https://t.me/zhivoff/3870,,65
https://t.me/verysexydasha/5208,https://t.me/verysexydasha/5208,,200
https://t.me/verysexydasha/5364,https://t.me/verysexydasha/5364,,200
https://t.me/verysexydasha/5401,https://t.me/verysexydasha/5401,,200
https://t.me/verysexydasha/5539,https://t.me/verysexydasha/5539,,200
https://t.me/porybly,https://t.me/porybly,,204
https://t.me/dazbastadraw/1580,https://t.me/dazbastadraw/1580,,2
https://t.me/c/1339466625/5326,https://t.me/c/1339466625/5326,,2
https://t.me/rian_ru/152442,https://t.me/rian_ru/152442,,2
https://t.me/zola_of_renovation/2809,https://t.me/zola_of_renovation/2809,,2
https://t.me/remeslaw/1819,https://t.me/remeslaw/1819,,7
https://t.me/ghost_of_novorossia/6247,https://t.me/ghost_of_novorossia/6247,,7
https://t.me/ASupersharij/9671,https://t.me/ASupersharij/9671,,17
https://t.me/Aksenov82/1483,https://t.me/Aksenov82/1483,,17
https://t.me/OrthodoxFascism83,https://t.me/OrthodoxFascism83,,17
https://t.me/Govorit_Topaz/1297,https://t.me/Govorit_Topaz/1297,,34
https://t.me/mnogonazi/7789,https://t.me/mnogonazi/7789,,34
https://t.me/stepnoy_veter/362,https://t.me/stepnoy_veter/362,,34
https://t.me/rybar/33584,https://t.me/rybar/33584,,35
https://t.me/rybar/33637,https://t.me/rybar/33637,,35
https://t.me/rian_ru/176039,https://t.me/rian_ru/176039,,35
https://t.me/petrlundstrem/6405,https://t.me/petrlundstrem/6405,,43
https://t.me/rian_ru/157421,https://t.me/rian_ru/157421,,77
https://t.me/boris_rozhin/64712,https://t.me/boris_rozhin/64712,,77
https://t.me/master_pera/10033,https://t.me/master_pera/10033,,77
https://t.me/Coin_Post,https://t.me/Coin_Post,,94
https://t.me/oreshkins/7721,https://t.me/oreshkins/7721,,132
https://t.me/readovkanews/34629,https://t.me/readovkanews/34629,,162
https://t.me/readovkaru/728,https://t.me/readovkaru/728,,162
https://t.me/readovkaru/751,https://t.me/readovkaru/751,,162
https://t.me/rpg_shootingnew,https://t.me/rpg_shootingnew,,180
https://t.me/strelkovii/2832,https://t.me/strelkovii/2832,,185
https://t.me/strelkovii/2833,https://t.me/strelkovii/2833,,185
https://t.me/strelkovii/2834,https://t.me/strelkovii/2834,,185
https://t.me/roscosmos_gk/6078,https://t.me/roscosmos_gk/6078,,193
https://t.me/vatfor/6794,https://t.me/vatfor/6794,,193
https://t.me/vatfor/7846,https://t.me/vatfor/7846,,193
https://t.me/rybar/40091,https://t.me/rybar/40091,,195
https://t.me/rybar/40122,https://t.me/rybar/40122,,195
https://t.me/rybar/40123,https://t.me/rybar/40123,,195
https://t.me/mihalkov_official,https://t.me/mihalkov_official,,197
https://t.me/MediaKiller2021/2063,https://t.me/MediaKiller2021/2063,,197
https://t.me/tsarkrest/7652,https://t.me/tsarkrest/7652,,197
https://t.me/rian_ru/152310,https://t.me/rian_ru/152310,,2
https://t.me/pauluskp/3519,https://t.me/pauluskp/3519,,2
https://t.me/LukaEbkov/32312,https://t.me/LukaEbkov/32312,,2
https://t.me/rsotmdivision/381,https://t.me/rsotmdivision/381,,2
https://t.me/BeregTime/5832,https://t.me/BeregTime/5832,,2
https://t.me/nosilki,https://t.me/nosilki,,5
https://t.me/nbondarik/1628,https://t.me/nbondarik/1628,,5
https://t.me/bbbreaking/131507,https://t.me/bbbreaking/131507,,6
https://t.me/nbondarik/2410,https://t.me/nbondarik/2410,,6
https://t.me/verysexydasha/1166,https://t.me/verysexydasha/1166,,8
https://t.me/viron_13,https://t.me/viron_13,,8
https://t.me/golosmordora/14698,https://t.me/golosmordora/14698,,10
https://t.me/nbondarik/4035,https://t.me/nbondarik/4035,,10
https://t.me/vladlentatarsky/14828,https://t.me/vladlentatarsky/14828,,12
https://t.me/nagib4tor,https://t.me/nagib4tor,,12
https://t.me/vladlentatarsky/14687,https://t.me/vladlentatarsky/14687,,13
https://t.me/+UsW34E512Acid3sx,https://t.me/+UsW34E512Acid3sx,,13
https://t.me/cheka_notes/447,https://t.me/cheka_notes/447,,14
https://t.me/NashPut83,https://t.me/NashPut83,,14
https://t.me/bbbreaking/137195,https://t.me/bbbreaking/137195,,7
https://t.me/belarusian_silovik/3230,https://t.me/belarusian_silovik/3230,,7
https://t.me/boris_rozhin/53870,https://t.me/boris_rozhin/53870,,16
https://t.me/throatechoofthestruggle,https://t.me/throatechoofthestruggle,,16
https://t.me/putin,https://t.me/putin,,7
https://t.me/belgorpost/7157,https://t.me/belgorpost/7157,,7
https://t.me/zola_of_renovation/2062,https://t.me/zola_of_renovation/2062,,7
https://t.me/voenacher/22013,https://t.me/voenacher/22013,,7
https://t.me/talipovonline/5534?single,https://t.me/talipovonline/5534?single,,7
https://t.me/aleksandr_skif/2258,https://t.me/aleksandr_skif/2258,,7
https://t.me/MaksymZhorin/3252,https://t.me/MaksymZhorin/3252,,7
https://t.me/bbbreaking/135658,https://t.me/bbbreaking/135658,,18
https://t.me/nbondarik/506,https://t.me/nbondarik/506,,18
https://t.me/rustroyka1945/1508,https://t.me/rustroyka1945/1508,,20
https://t.me/mardanaka/8981,https://t.me/mardanaka/8981,,20
https://t.me/panteri_panteri/17888,https://t.me/panteri_panteri/17888,,21
https://t.me/legitimniy/11951,https://t.me/legitimniy/11951,,21
https://t.me/milinfolive/80650,https://t.me/milinfolive/80650,,7
https://t.me/notes_veterans_reserve,https://t.me/notes_veterans_reserve,,7
https://t.me/boris_rozhin/38250,https://t.me/boris_rozhin/38250,,7
https://t.me/strelkovii/2316,https://t.me/strelkovii/2316,,7
https://t.me/readovkanews/28770,https://t.me/readovkanews/28770,,22
https://t.me/chvkmedia/34335,https://t.me/chvkmedia/34335,,22
https://t.me/notes_veterans/1515,https://t.me/notes_veterans/1515,,7
https://t.me/Crimeanprachka/1645,https://t.me/Crimeanprachka/1645,,7
https://t.me/boris_rozhin/28969,https://t.me/boris_rozhin/28969,,7
https://t.me/rt_special/1741,https://t.me/rt_special/1741,,7
https://t.me/milinfolive/78109,https://t.me/milinfolive/78109,,7
https://t.me/martovalieva1/103,https://t.me/martovalieva1/103,,23
https://t.me/RKadyrov_95/1548,https://t.me/RKadyrov_95/1548,,23
https://t.me/bbbreaking/128667,https://t.me/bbbreaking/128667,,7
https://t.me/readovkanews/27302,https://t.me/readovkanews/27302,,7
https://t.me/MaksymZhorin/2599,https://t.me/MaksymZhorin/2599,,7
https://t.me/c/1363762731/13800,https://t.me/c/1363762731/13800,,7
https://t.me/voenacher/10657,https://t.me/voenacher/10657,,7
https://t.me/opyat22/6180,https://t.me/opyat22/6180,,7
https://t.me/z_kharkovnash/93,https://t.me/z_kharkovnash/93,,7
https://t.me/readovkanews/26871,https://t.me/readovkanews/26871,,7
https://t.me/vladlentatarsky/11310?single,https://t.me/vladlentatarsky/11310?single,,7
https://t.me/livekharkov/26918,https://t.me/livekharkov/26918,,24
https://t.me/chesotka01,https://t.me/chesotka01,,24
https://t.me/ghost_of_novorossia/1708,https://t.me/ghost_of_novorossia/1708,,7
https://t.me/PrognozyVK/1998,https://t.me/PrognozyVK/1998,,26
https://t.me/readovkanews/25838,https://t.me/readovkanews/25838,,26
https://t.me/gistapa/26528,https://t.me/gistapa/26528,,7
https://t.me/gistapa/26209,https://t.me/gistapa/26209,,27
https://t.me/MedvedevVesti/7330,https://t.me/MedvedevVesti/7330,,27
https://t.me/MaksymZhorin/2306,https://t.me/MaksymZhorin/2306,,7
https://t.me/gistapa/26121?single,https://t.me/gistapa/26121?single,,28
https://t.me/lasttrench988/38,https://t.me/lasttrench988/38,,28
https://t.me/rian_ru/141184,https://t.me/rian_ru/141184,,7
https://t.me/notes_veterans/1228,https://t.me/notes_veterans/1228,,7
https://t.me/plutovstvo007/2203,https://t.me/plutovstvo007/2203,,7
https://t.me/bbbreaking/111378,https://t.me/bbbreaking/111378,,7
https://t.me/bbbreaking/111401,https://t.me/bbbreaking/111401,,7
https://t.me/notes_veterans/1185,https://t.me/notes_veterans/1185,,7
https://t.me/Za_Derjavy/15714,https://t.me/Za_Derjavy/15714,,7
https://t.me/gistapa/25785,https://t.me/gistapa/25785,,7
https://t.me/rezident_ua/12479,https://t.me/rezident_ua/12479,,30
https://t.me/mnogonazi/8964,https://t.me/mnogonazi/8964,,30
https://t.me/Ateobreaking/56391,https://t.me/Ateobreaking/56391,,33
https://t.me/+GfHfG2YLGRoxZTQy,https://t.me/+GfHfG2YLGRoxZTQy,,33
https://t.me/z_kharkovnash/603,https://t.me/z_kharkovnash/603,,36
https://t.me/warptoday,https://t.me/warptoday,,36
https://t.me/boris_rozhin/29190,https://t.me/boris_rozhin/29190,,37
https://t.me/sashakots/36393,https://t.me/sashakots/36393,,37
https://t.me/rezident_ua/11349,https://t.me/rezident_ua/11349,,38
https://t.me/madam_secretar/16140,https://t.me/madam_secretar/16140,,38
https://t.me/rezident_ua/11242,https://t.me/rezident_ua/11242,,39
https://t.me/lemeshko_av/2453,https://t.me/lemeshko_av/2453,,39
https://t.me/ZE_kartel/4770,https://t.me/ZE_kartel/4770,,40
https://t.me/boevoe_sodrugestvo/766,https://t.me/boevoe_sodrugestvo/766,,40
https://t.me/rezident_ua/11031,https://t.me/rezident_ua/11031,,41
https://t.me/news_rvdv,https://t.me/news_rvdv,,41
https://t.me/rezident_ua/10962,https://t.me/rezident_ua/10962,,42
https://t.me/glavmedia/199115,https://t.me/glavmedia/199115,,42
https://t.me/RadioStydoba,https://t.me/RadioStydoba,,43
https://t.me/ZeRada1/7769,https://t.me/ZeRada1/7769,,43
https://t.me/+cz-QFpuQm8pkMmUy,https://t.me/+cz-QFpuQm8pkMmUy,,44
https://t.me/podled/6664,https://t.me/podled/6664,,44
https://t.me/legitimniy/10657,https://t.me/legitimniy/10657,,45
https://t.me/+RyiCa7wP0amjombP,https://t.me/+RyiCa7wP0amjombP,,45
https://t.me/doraduraduradora/938,https://t.me/doraduraduradora/938,,46
https://t.me/notes_veterans/4749,https://t.me/notes_veterans/4749,,46
https://t.me/vnuki_info,https://t.me/vnuki_info,,47
https://t.me/wargonzo/8135,https://t.me/wargonzo/8135,,47
https://t.me/shot_shot/43440,https://t.me/shot_shot/43440,,49
https://t.me/neolginskie/10743,https://t.me/neolginskie/10743,,49
https://t.me/rezident_ua/10448,https://t.me/rezident_ua/10448,,51
https://t.me/divnich_max/4789,https://t.me/divnich_max/4789,,51
https://t.me/DikiysnamibogOfficial,https://t.me/DikiysnamibogOfficial,,52
https://t.me/readovkanews/40601,https://t.me/readovkanews/40601,,52
https://t.me/SonOfMonarchy/7428,https://t.me/SonOfMonarchy/7428,,53
https://t.me/grigorov_prav/1810,https://t.me/grigorov_prav/1810,,53
https://t.me/radionovasg/191,https://t.me/radionovasg/191,,54
https://t.me/spainrus/217,https://t.me/spainrus/217,,54
https://t.me/expensive_hurma/4391,https://t.me/expensive_hurma/4391,,55
https://t.me/tsarkrest/7218,https://t.me/tsarkrest/7218,,55
https://t.me/bbbreaking/129737,https://t.me/bbbreaking/129737,,56
https://t.me/bbbreaking/129751,https://t.me/bbbreaking/129751,,56
https://t.me/first_political/12698,https://t.me/first_political/12698,,57
https://t.me/SergeyKolyasnikov/39953,https://t.me/SergeyKolyasnikov/39953,,57
https://t.me/rezident_ua/10108,https://t.me/rezident_ua/10108,,58
https://t.me/voenkorKotenok/38222,https://t.me/voenkorKotenok/38222,,58
https://t.me/spletnicca/4580,https://t.me/spletnicca/4580,,60
https://t.me/rbc_news/52924,https://t.me/rbc_news/52924,,60
https://t.me/bbbreaking/131057,https://t.me/bbbreaking/131057,,62
https://t.me/WarDonbass/70673,https://t.me/WarDonbass/70673,,62
https://t.me/nozhi_svarog,https://t.me/nozhi_svarog,,63
https://t.me/T34newsfeed/5616,https://t.me/T34newsfeed/5616,,63
https://t.me/instasoslife,https://t.me/instasoslife,,64
https://t.me/markovakaterina/400,https://t.me/markovakaterina/400,,64
https://t.me/bloodysx/20235,https://t.me/bloodysx/20235,,68
https://t.me/tsarkrest/6054,https://t.me/tsarkrest/6054,,68
https://t.me/Ateobreaking/59594,https://t.me/Ateobreaking/59594,,69
https://t.me/prbezposhady/18305,https://t.me/prbezposhady/18305,,69
https://t.me/Cbpub/30480,https://t.me/Cbpub/30480,,70
https://t.me/voenkorKotenok/34263,https://t.me/voenkorKotenok/34263,,70
https://t.me/nebrexnya/6833,https://t.me/nebrexnya/6833,,71
https://t.me/readovkanews/30042,https://t.me/readovkanews/30042,,71
https://t.me/theglasnaroda/564,https://t.me/theglasnaroda/564,,72
https://t.me/RealFitzroy/565,https://t.me/RealFitzroy/565,,72
https://t.me/nuhachrus/3365,https://t.me/nuhachrus/3365,,75
https://t.me/ROMAJIGAN/74,https://t.me/ROMAJIGAN/74,,75
https://t.me/bloodysx/18355,https://t.me/bloodysx/18355,,76
https://t.me/konservativnaya/6627,https://t.me/konservativnaya/6627,,76
https://t.me/boris_rozhin/65621,https://t.me/boris_rozhin/65621,,78
https://t.me/sashakots/36120,https://t.me/sashakots/36120,,78
https://t.me/voenacher/22939,https://t.me/voenacher/22939,,79
https://t.me/konstantinzatulin/814,https://t.me/konstantinzatulin/814,,79
https://t.me/vchkogpu/30440,https://t.me/vchkogpu/30440,,80
https://t.me/grey_zone/15262,https://t.me/grey_zone/15262,,80
https://t.me/belarusian_silovik/3251?single,https://t.me/belarusian_silovik/3251?single,,82
https://t.me/mig41/21148,https://t.me/mig41/21148,,82
https://t.me/vladlentatarsky/14375,https://t.me/vladlentatarsky/14375,,83
https://t.me/dimonundmir/9172,https://t.me/dimonundmir/9172,,83
https://t.me/vladlentatarsky/14326,https://t.me/vladlentatarsky/14326,,84
https://t.me/bbbreaking/136637,https://t.me/bbbreaking/136637,,84
https://t.me/ghost_of_novorossia/5361,https://t.me/ghost_of_novorossia/5361,,85
https://t.me/kryuchkovoleg/539,https://t.me/kryuchkovoleg/539,,85
https://t.me/nuhachrus/3769,https://t.me/nuhachrus/3769,,86
https://t.me/notes_veterans/16,https://t.me/notes_veterans/16,,86
https://t.me/olegderipaska/373,https://t.me/olegderipaska/373,,87
https://t.me/rsotmdivision/1704,https://t.me/rsotmdivision/1704,,87
https://t.me/russicabrief/35643,https://t.me/russicabrief/35643,,88
https://t.me/sashakots/36271,https://t.me/sashakots/36271,,88
https://t.me/barantchik,https://t.me/barantchik,,89
https://t.me/voenacher/30493,https://t.me/voenacher/30493,,89
https://t.me/temablog/5360,https://t.me/temablog/5360,,90
https://t.me/Kherson_kolaborant,https://t.me/Kherson_kolaborant,,90
https://t.me/pokusalapokusla,https://t.me/pokusalapokusla,,91
https://t.me/voenacher/30316,https://t.me/voenacher/30316,,91
https://t.me/russianbrief,https://t.me/russianbrief,,93
https://t.me/topwar_official/59227,https://t.me/topwar_official/59227,,93
https://t.me/vladlentatarsky/16474,https://t.me/vladlentatarsky/16474,,94
https://t.me/rebel_jack_review/4209,https://t.me/rebel_jack_review/4209,,95
https://t.me/rezident_ua/14251,https://t.me/rezident_ua/14251,,95
https://t.me/anti_rubra/377,https://t.me/anti_rubra/377,,96
https://t.me/bbbreaking/136355,https://t.me/bbbreaking/136355,,96
https://t.me/bbbreaking/113770,https://t.me/bbbreaking/113770,,97
http://t.me/zloy_zhurnalist,http://t.me/zloy_zhurnalist,,97
https://t.me/weflewaway/162,https://t.me/weflewaway/162,,98
https://t.me/opasny366/4211,https://t.me/opasny366/4211,,98
https://t.me/russicaArena/396,https://t.me/russicaArena/396,,99
https://t.me/vsvetesobytij/2052,https://t.me/vsvetesobytij/2052,,99
https://t.me/anti_rubra/274,https://t.me/anti_rubra/274,,100
https://t.me/sskarnaukhov/29193,https://t.me/sskarnaukhov/29193,,100
https://t.me/tolk_tolk/11343,https://t.me/tolk_tolk/11343,,101
https://t.me/BeregTime/6138,https://t.me/BeregTime/6138,,101
https://t.me/Svoidanash/3455,https://t.me/Svoidanash/3455,,102
https://t.me/vladlentatarsky/16217,https://t.me/vladlentatarsky/16217,,102
https://t.me/dirtytatarstan/25243,https://t.me/dirtytatarstan/25243,,103
https://t.me/BattleSailor_13/3334,https://t.me/BattleSailor_13/3334,,103
https://t.me/vchkogpu/24876,https://t.me/vchkogpu/24876,,104
https://t.me/rosich_rus/21273,https://t.me/rosich_rus/21273,,104
https://t.me/+a0GqTvXlwREyYTcy,https://t.me/+a0GqTvXlwREyYTcy,,105
https://t.me/itsdonetsk/30341,https://t.me/itsdonetsk/30341,,105
https://t.me/nebrexnya/6328,https://t.me/nebrexnya/6328,,106
https://t.me/Hard_Blog_Line/8171,https://t.me/Hard_Blog_Line/8171,,106
https://t.me/+37DYJKXpc0RhOTky,https://t.me/+37DYJKXpc0RhOTky,,107
https://t.me/+Ovml8_4IG2A2NWIy,https://t.me/+Ovml8_4IG2A2NWIy,,107
https://t.me/svtvnews/4030,https://t.me/svtvnews/4030,,108
https://t.me/pbesedin/992,https://t.me/pbesedin/992,,108
https://t.me/golosmordora/15936,https://t.me/golosmordora/15936,,109
https://t.me/notes_veterans/254,https://t.me/notes_veterans/254,,109
https://t.me/vityzeva/50478,https://t.me/vityzeva/50478,,110
https://t.me/ASupersharij/11051,https://t.me/ASupersharij/11051,,110
https://t.me/istrkalkglk/3116,https://t.me/istrkalkglk/3116,,111
https://t.me/notes_veterans/4683,https://t.me/notes_veterans/4683,,111
https://t.me/rasstrelny,https://t.me/rasstrelny,,94
https://t.me/chtede/40701м,https://t.me/chtede/40701м,,112
https://t.me/pravda_shuravi/26250,https://t.me/pravda_shuravi/26250,,112
https://t.me/shot_shot/34325,https://t.me/shot_shot/34325,,113
https://t.me/boris_rozhin/60417,https://t.me/boris_rozhin/60417,,113
https://t.me/sneakerkonfbot?start=verysexydasha,https://t.me/sneakerkonfbot?start=verysexydasha,,114
https://t.me/BeregTime/5812?single,https://t.me/BeregTime/5812?single,,114
https://t.me/LukaEbkov/32033,https://t.me/LukaEbkov/32033,,115
https://t.me/Ags_Donbass/87387,https://t.me/Ags_Donbass/87387,,115
https://t.me/dvachannel/85104,https://t.me/dvachannel/85104,,116
https://t.me/chadayevru,https://t.me/chadayevru,,116
https://t.me/y555142/4612,https://t.me/y555142/4612,,117
https://t.me/intuition2036/2328,https://t.me/intuition2036/2328,,117
https://t.me/expensive_hurma/1214,https://t.me/expensive_hurma/1214,,118
https://t.me/grey_zone/14330,https://t.me/grey_zone/14330,,118
https://t.me/indeec1937/5051,https://t.me/indeec1937/5051,,119
https://t.me/matrospotemkina13/150,https://t.me/matrospotemkina13/150,,119
https://t.me/opsb_RnD,https://t.me/opsb_RnD,,122
https://t.me/tamerlanrussov,https://t.me/tamerlanrussov,,122
https://t.me/belgorod_protect,https://t.me/belgorod_protect,,124
https://t.me/belgorodnews1,https://t.me/belgorodnews1,,124
https://t.me/ZeRada1/9344,https://t.me/ZeRada1/9344,,127
https://t.me/rusbrief/59082,https://t.me/rusbrief/59082,,127
https://t.me/rezident_ua/11915,https://t.me/rezident_ua/11915,,128
https://t.me/rusbrief/52295,https://t.me/rusbrief/52295,,128
https://t.me/MediaKiller2021/2426,https://t.me/MediaKiller2021/2426,,129
https://t.me/Svoidanash/5367,https://t.me/Svoidanash/5367,,129
https://t.me/legitimniy/11094,https://t.me/legitimniy/11094,,130
https://t.me/radionovasg/317,https://t.me/radionovasg/317,,130
https://t.me/ZeRada1/7842,https://t.me/ZeRada1/7842,,131
https://t.me/intuition2036,https://t.me/intuition2036,,131
https://t.me/rezident_ua/10751,https://t.me/rezident_ua/10751,,132
https://t.me/krioggen/1540,https://t.me/krioggen/1540,,132
https://t.me/ZeRada1/7717,https://t.me/ZeRada1/7717,,133
https://t.me/operobzor/14451,https://t.me/operobzor/14451,,133
https://t.me/rezident_ua/10719,https://t.me/rezident_ua/10719,,134
https://t.me/belaya_kaska/4926,https://t.me/belaya_kaska/4926,,134
https://t.me/mezentseva168/1827,https://t.me/mezentseva168/1827,,135
https://t.me/radionovasg/230,https://t.me/radionovasg/230,,135
https://t.me/spletnicca/4860,https://t.me/spletnicca/4860,,136
https://t.me/oreshkins/7374,https://t.me/oreshkins/7374,,136
https://t.me/rezident_ua/10251,https://t.me/rezident_ua/10251,,137
https://t.me/olen_nn/4544,https://t.me/olen_nn/4544,,137
https://t.me/krioggen/1411,https://t.me/krioggen/1411,,138
https://t.me/dirtytatarstan/30832,https://t.me/dirtytatarstan/30832,,138
https://t.me/ZeRada1/7228,https://t.me/ZeRada1/7228,,139
https://t.me/nebrexnya/7571,https://t.me/nebrexnya/7571,,139
https://t.me/indeec1937/7182,https://t.me/indeec1937/7182,,140
https://t.me/belaya_kaska/4370,https://t.me/belaya_kaska/4370,,140
https://t.me/nikita_mikhalkov,https://t.me/nikita_mikhalkov,,141
https://t.me/russica2/46086,https://t.me/russica2/46086,,141
https://t.me/nabludatels/16266,https://t.me/nabludatels/16266,,142
https://t.me/nebrexnya/7431,https://t.me/nebrexnya/7431,,142
https://t.me/itsmycity/21279,https://t.me/itsmycity/21279,,143
https://t.me/zvezdanews/77838,https://t.me/zvezdanews/77838,,143
https://t.me/ZeRada1/6796,https://t.me/ZeRada1/6796,,144
https://t.me/pzdcofficial/8469,https://t.me/pzdcofficial/8469,,144
https://t.me/Z_Paket/1458,https://t.me/Z_Paket/1458,,145
https://t.me/oreshkins/4480,https://t.me/oreshkins/4480,,145
https://t.me/crazyprophecies,https://t.me/crazyprophecies,,146
https://t.me/olen_nn/4375?single,https://t.me/olen_nn/4375?single,,146
https://t.me/bloodysx/20113,https://t.me/bloodysx/20113,,147
https://t.me/dirtytatarstan/28189,https://t.me/dirtytatarstan/28189,,147
https://t.me/sskarnaukhov/24106,https://t.me/sskarnaukhov/24106,,148
https://t.me/vchkogpu/27106,https://t.me/vchkogpu/27106,,148
https://t.me/LukaEbkov/34978,https://t.me/LukaEbkov/34978,,149
https://t.me/economizm/1515,https://t.me/economizm/1515,,149
https://t.me/lentadnya/43138,https://t.me/lentadnya/43138,,150
https://t.me/olen_nn/4237,https://t.me/olen_nn/4237,,150
https://t.me/genotba_wheel/1483,https://t.me/genotba_wheel/1483,,151
https://t.me/dirtytatarstan/26959,https://t.me/dirtytatarstan/26959,,151
https://t.me/krainevnews,https://t.me/krainevnews,,152
https://t.me/Svoidanash/4027,https://t.me/Svoidanash/4027,,152
https://t.me/+iX5rpMT0rXNjOTRi,https://t.me/+iX5rpMT0rXNjOTRi,,153
https://t.me/bigtransfer2024/11229,https://t.me/bigtransfer2024/11229,,153
https://t.me/Z_Paket/553,https://t.me/Z_Paket/553,,154
https://t.me/vchkogpu/26423,https://t.me/vchkogpu/26423,,154
https://t.me/bbbreaking/123089,https://t.me/bbbreaking/123089,,155
https://t.me/dirtytatarstan/26382,https://t.me/dirtytatarstan/26382,,155
https://t.me/it_vatnik,https://t.me/it_vatnik,,156
https://t.me/russicatop/34917,https://t.me/russicatop/34917,,156
https://t.me/koshelekru_news,https://t.me/koshelekru_news,,157
https://t.me/olen_nn/4167,https://t.me/olen_nn/4167,,157
https://t.me/+O9BULXmGg0VlZDIy,https://t.me/+O9BULXmGg0VlZDIy,,158
https://t.me/rybar/23834,https://t.me/rybar/23834,,158
https://t.me/belonika/995,https://t.me/belonika/995,,159
https://t.me/smety/2236,https://t.me/smety/2236,,159
https://t.me/mozhemobyasnit/11139,https://t.me/mozhemobyasnit/11139,,160
https://t.me/oreshkins/4403,https://t.me/oreshkins/4403,,160
https://t.me/temablog/5100,https://t.me/temablog/5100,,161
https://t.me/shargunov,https://t.me/shargunov,,161
https://t.me/russ_orientalist/9506,https://t.me/russ_orientalist/9506,,163
https://t.me/nabludatels/20684,https://t.me/nabludatels/20684,,163
https://t.me/+kgCONuMjbZc3MjNi,https://t.me/+kgCONuMjbZc3MjNi,,164
https://t.me/ZeRada1/7919,https://t.me/ZeRada1/7919,,164
https://t.me/+eRIQ1Vc3ghUxMmMy,https://t.me/+eRIQ1Vc3ghUxMmMy,,165
https://t.me/rezident_ua/10952,https://t.me/rezident_ua/10952,,165
https://t.me/bohemian_manuscripts/599,https://t.me/bohemian_manuscripts/599,,166
https://t.me/oleksiihoncharenko/11596,https://t.me/oleksiihoncharenko/11596,,166
https://t.me/Cbpub/32327,https://t.me/Cbpub/32327,,167
https://t.me/ZeRada1/7447,https://t.me/ZeRada1/7447,,167
https://t.me/gruboprostiite,https://t.me/gruboprostiite,,168
https://t.me/maksnazar/9673,https://t.me/maksnazar/9673,,168
https://t.me/nedvizhna24,https://t.me/nedvizhna24,,169
https://t.me/MediaKiller2021/1768,https://t.me/MediaKiller2021/1768,,169
https://t.me/+hlZB_hmHn90xMDZi,https://t.me/+hlZB_hmHn90xMDZi,,203
https://t.me/muromcevZ/2354,https://t.me/muromcevZ/2354,,170
https://t.me/rezident_ua/10153,https://t.me/rezident_ua/10153,,170
https://t.me/vladivostok1978/10353,https://t.me/vladivostok1978/10353,,171
https://t.me/nabludatels/16365,https://t.me/nabludatels/16365,,171
https://t.me/bbbreaking/131528,https://t.me/bbbreaking/131528,,172
https://t.me/spletnicca/4563,https://t.me/spletnicca/4563,,172
https://t.me/Ten_NaPleten/1772❗️,https://t.me/Ten_NaPleten/1772❗️,,173
https://t.me/ZeRada1/6829❗️,https://t.me/ZeRada1/6829❗️,,173
https://t.me/Sankidel_bot,https://t.me/Sankidel_bot,,175
https://t.me/sankichat,https://t.me/sankichat,,175
https://t.me/porybly/1222,https://t.me/porybly/1222,,204
https://t.me/SIRIUS_888,https://t.me/SIRIUS_888,,180
https://t.me/DvuglavyiOrel/6802,https://t.me/DvuglavyiOrel/6802,,180
https://t.me/MaksymZhorin/3186,https://t.me/MaksymZhorin/3186,,181
https://t.me/olegtsarov/3359,https://t.me/olegtsarov/3359,,181
https://t.me/irynadmytrivna/7016,https://t.me/irynadmytrivna/7016,,182
https://t.me/union_of_veterans31/3624,https://t.me/union_of_veterans31/3624,,182
https://t.me/greenserpent/13777,https://t.me/greenserpent/13777,,183
https://t.me/RtrDonetsk/9563,https://t.me/RtrDonetsk/9563,,183
https://t.me/ghost_of_novorossia/5758?single,https://t.me/ghost_of_novorossia/5758?single,,184
https://t.me/pryamoy_reportaz1/547?single,https://t.me/pryamoy_reportaz1/547?single,,184
https://t.me/istrkalkglk/3517,https://t.me/istrkalkglk/3517,,186
https://t.me/olen_nn/4557,https://t.me/olen_nn/4557,,186
https://t.me/+9L1L9mQcZ19mOTBi,https://t.me/+9L1L9mQcZ19mOTBi,,187
https://t.me/olen_nn/4491,https://t.me/olen_nn/4491,,187
https://t.me/savanichi/33220,https://t.me/savanichi/33220,,188
https://t.me/nebrexnya/6745,https://t.me/nebrexnya/6745,,188
https://t.me/zvezdanews/92553,https://t.me/zvezdanews/92553,,189
https://t.me/MaxBuzhanskiy/10222,https://t.me/MaxBuzhanskiy/10222,,189
https://t.me/doraduraduradora/571,https://t.me/doraduraduradora/571,,190
https://t.me/rezident_ua/10115,https://t.me/rezident_ua/10115,,190
https://t.me/sewerfsefsd,https://t.me/sewerfsefsd,,191
https://t.me/rezident_ua/10106,https://t.me/rezident_ua/10106,,191
https://t.me/Protestnarod,https://t.me/Protestnarod,,192
https://t.me/ProtivGadov2,https://t.me/ProtivGadov2,,192
https://t.me/kremlebezBashennik/27066,https://t.me/kremlebezBashennik/27066,,196
https://t.me/Za_Derjavy/21695,https://t.me/Za_Derjavy/21695,,196
https://t.me/DonbassYasinovatayanaliniiOgnia/6691,https://t.me/DonbassYasinovatayanaliniiOgnia/6691,,201
https://t.me/Za_Derjavy/16302,https://t.me/Za_Derjavy/16302,,201
https://t.me/doraduraduradora/147,https://t.me/doraduraduradora/147,,202
https://t.me/Svoidanash/4509,https://t.me/Svoidanash/4509,,202
https://t.me/rezident_ua/10157,https://t.me/rezident_ua/10157,,203
https://t.me/porybly/2689,https://t.me/porybly/2689,,204
https://t.me/porybly/725,https://t.me/porybly/725,,204
https://t.me/moskva3rim,https://t.me/moskva3rim,,11
https://t.me/rightbloc,https://t.me/rightbloc,,15
https://t.me/infobomb/697,https://t.me/infobomb/697,,25
https://t.me/voin_istini,https://t.me/voin_istini,,29
https://t.me/mnogonazi/8298,https://t.me/mnogonazi/8298,,32
https://t.me/museyfondn2,https://t.me/museyfondn2,,48
https://t.me/mitropolia,https://t.me/mitropolia,,50
https://t.me/tsarkrest/7049,https://t.me/tsarkrest/7049,,59
https://t.me/boevoe_sodrugestvo,https://t.me/boevoe_sodrugestvo,,61
https://t.me/zhivoff,https://t.me/zhivoff,,66
https://t.me/holmogortalks/20071,https://t.me/holmogortalks/20071,,67
https://t.me/khazinml/4590,https://t.me/khazinml/4590,,81
https://t.me/+oeUZhA6AMa42NDJi,https://t.me/+oeUZhA6AMa42NDJi,,92
https://t.me/DHP20,https://t.me/DHP20,,120
https://t.me/ZARUIS/2141,https://t.me/ZARUIS/2141,,121
https://t.me/+lXRgKmBoZ800NDRi,https://t.me/+lXRgKmBoZ800NDRi,,176
https://t.me/sharanism,https://t.me/sharanism,,177
https://t.me/olgerd_semenow?livestream,https://t.me/olgerd_semenow?livestream,,178
https://t.me/subforcherald/456,https://t.me/subforcherald/456,,179
